<application>
  <component name="MessDetector">
    <phpmd_settings_migrated />
  </component>
  <component name="PhpCodeSniffer">
    <phpcs_settings_migrated />
  </component>
  <component name="PhpInterpreters">
    <interpreters>
      <interpreter id="97f52cc8-7c69-4758-9660-62b4a5e8bd1f" name="PHP 7.2" home="C:\Users\EFECTOLED\dev_enviroments\php7.2\php.exe" debugger_id="php.debugger.XDebug" />
    </interpreters>
  </component>
  <component name="PhpInterpretersPhpInfoCache">
    <phpInfoCache>
      <interpreter name="PHP 7.2">
        <phpinfo binary_type="PHP" php_cgi="C:\Users\EFECTOLED\dev_enviroments\php7.2\php-cgi.exe" php_cli="C:\Users\EFECTOLED\dev_enviroments\php7.2\php.exe" path_separator=";" version="7.2.19">
          <additional_php_ini />
          <configuration_file>C:\Users\EFECTOLED\dev_enviroments\php7.2\php.ini</configuration_file>
          <configuration_options>
            <configuration_option name="include_path" value=".;C:\php\pear" />
          </configuration_options>
          <debuggers />
          <loaded_extensions>
            <extension name="Core" />
            <extension name="PDO" />
            <extension name="Phar" />
            <extension name="Reflection" />
            <extension name="SPL" />
            <extension name="SimpleXML" />
            <extension name="bcmath" />
            <extension name="calendar" />
            <extension name="ctype" />
            <extension name="date" />
            <extension name="dom" />
            <extension name="fileinfo" />
            <extension name="filter" />
            <extension name="hash" />
            <extension name="iconv" />
            <extension name="json" />
            <extension name="libxml" />
            <extension name="mbstring" />
            <extension name="mysqlnd" />
            <extension name="openssl" />
            <extension name="pcre" />
            <extension name="pdo_mysql" />
            <extension name="readline" />
            <extension name="session" />
            <extension name="standard" />
            <extension name="tokenizer" />
            <extension name="wddx" />
            <extension name="xml" />
            <extension name="xmlreader" />
            <extension name="xmlwriter" />
            <extension name="zip" />
            <extension name="zlib" />
          </loaded_extensions>
        </phpinfo>
      </interpreter>
    </phpInfoCache>
  </component>
</application>